# dVx,dVy,dVz,time to request
0.000000000000000000e+00,0.000000000000000000e+00,0.000000000000000000e+00,0.000000000000000000e+00
0.000000000000000000e+00,0.000000000000000000e+00,0.000000000000000000e+00,1.543659120403555532e-02
0.000000000000000000e+00,0.000000000000000000e+00,0.000000000000000000e+00,2.122817043980549823e+00
0.000000000000000000e+00,0.000000000000000000e+00,0.000000000000000000e+00,1.543659120403555532e-02
0.000000000000000000e+00,0.000000000000000000e+00,0.000000000000000000e+00,nan
