# dVx,dVy,dVz,time to request
0.000000000000000000e+00,0.000000000000000000e+00,0.000000000000000000e+00,0.000000000000000000e+00
-1.667340242553739582e+00,8.790543345369377093e-01,-2.256946498410936197e+00,6.761201984228347450e-02
1.667340242553739582e+00,-8.790543345369377093e-01,2.256946498410936197e+00,1.817182569999320929e+00
-6.821252556385961618e-01,-5.072460603580224436e-01,-5.128863200673055012e-01,6.763587939131580906e-02
6.821252556385961618e-01,5.072460603580224436e-01,5.128863200673055012e-01,nan
