# dVx,dVy,dVz,time to request
0.000000000000000000e+00,0.000000000000000000e+00,0.000000000000000000e+00,0.000000000000000000e+00
-2.664846498729171564e+00,-2.076166474846154131e+00,8.801713133630089114e-01,7.946044520962412816e-02
2.664846498729171564e+00,2.076166474846154131e+00,-8.801713133630089114e-01,2.064973958152442890e+00
3.224010544143933732e-01,-7.877507302937667433e-01,4.513126290475790725e-01,7.940646583242633172e-02
-3.224010544143933732e-01,7.877507302937667433e-01,-4.513126290475790725e-01,nan
