# dVx,dVy,dVz,time to request
0.000000000000000000e+00,0.000000000000000000e+00,0.000000000000000000e+00,2.669101165103554552e-01
5.923578988634430331e-01,-2.029602899817543604e-01,-1.720450656831775671e-01,7.048877391938510040e-02
2.259743781553220643e-01,9.073824920152357976e-01,1.707357677997904388e-01,1.589038043912077480e+00
4.511411616618141718e-01,4.377961549772477756e-01,2.543438417279009212e-01,7.052291628043225180e-02
-4.511411616618141718e-01,-4.377961549772477756e-01,-2.543438417279009212e-01,nan
